<?xml version="1.0" encoding="UTF-8"?>
<!--SCORM 1.2 Content Package document generated by HotPotatoes: JQuiz Version 7.0 Release 3 Build 0.-->
<manifest xmlns="http://www.imsproject.org/xsd/imscp_rootv1p1p2" xmlns:imsmd="http://www.imsglobal.org/xsd/imsmd_rootv1p2p1" xmlns:xsi="http://www.w3.org/2001/XMLSchema-instance" xmlns:adlcp="http://www.adlnet.org/xsd/adlcp_rootv1p2" identifier="MANIFEST-9B94CB75-3BED-4B17-A03C-182DA2F23970" xsi:schemaLocation="http://www.imsproject.org/xsd/imscp_rootv1p1p2 imscp_rootv1p1p2.xsd http://www.imsglobal.org/xsd/imsmd_rootv1p2p1 imsmd_rootv1p2p1.xsd http://www.adlnet.org/xsd/adlcp_rootv1p2 adlcp_rootv1p2.xsd">
  <metadata>
    <imsmd:lom>
      <imsmd:general>
        <imsmd:identifier />
        <imsmd:title>
          <imsmd:langstring xml:lang="en">JE R&#x00E9;ponds</imsmd:langstring>
        </imsmd:title>
      </imsmd:general>
    </imsmd:lom>
  </metadata>
  <organizations default="ORG-22BB16AB-4236-4155-9D97-F9907FF2CEC9">
    <organization identifier="ORG-22BB16AB-4236-4155-9D97-F9907FF2CEC9" structure="hierarchical">
      <title>Organization</title>
      <item identifier="ITEM-259480D2-F7D4-4FB6-8676-DDAAFD1F620C" identifierref="RES-4B512A2C-E403-4C94-8130-5574040A2365" isvisible="true">
        <title>JE R&#x00E9;ponds</title>
		
      </item>
    </organization>
  </organizations>
  <resources>
    <resource identifier="RES-4B512A2C-E403-4C94-8130-5574040A2365" type="webcontent" adlcp:scormtype="sco" href="QUIZ1.htm">
      <file href="QUIZ1.htm" />
	  
    </resource>
	
  </resources>
</manifest>

